Machine Name,id,parent_id,field_weight,nid,field_member_of,field_model,file,field_add_coverpage,title,field_full_title,published,field_linked_agent.name,field_linked_agent.rel_type,field_linked_agent.vid,field_linked_agent.entity.field_identifier.attr0=orcid,field_linked_agent.entity.field_contributor_status,field_linked_agent.entity.field_email,field_linked_agent.entity.field_relationships,field_department_name,field_resource_type,field_genre,field_edtf_date_issued,field_date_season,field_edtf_date_captured,field_edtf_date_embargo,field_publisher,field_edition,field_language,field_physical_form,field_media_type,field_extent.attr0=page,field_extent.attr0=dimensions,field_extent.attr0=bytes,field_extent.attr0=minutes,field_digital_origin,field_abstract.attr0=description,field_abstract.attr0=abstract,field_note.attr0=preferred-citation,field_note.attr0=capture-device,field_note.attr0=ppi,field_note.attr0=collection,field_note.attr0=box,field_note.attr0=series,field_note.attr0=folder,field_local_restriction,field_subject_lcsh,field_keywords,field_subjects_name,field_geographic_subject.vid=geographic_naf,field_geographic_subject.vid=geographic_local,field_subject_hierarchical_geo,field_related_item.title,field_related_item.identifier_type=issn,field_part_detail.attr0=voume,field_part_detail.attr0=issue,field_part_detail.attr0=page,field_identifier.attr0=doi,field_identifier.attr0=uri,field_identifier.attr0=call-number,field_identifier.attr0=report-number,field_rights,field_access
Human Name,Upload ID,Page/Item Parent ID,Child Sort Order,Node ID,Parent Collection,Object Model,File Path,Add Coverpage (Y/N),Title,Full Title,Make Public (Y/N),Creator/Contributor Name 1,Contributor Relator 1,Contributor Type 1,ORCID Number 1,Contributor Status 1,Contributor Email 1,Contributor Institution 1,Related Department,Resource Type,Genre (Getty AAT),Creation Date,Season,Date Captured,Embargo Until Date,Publisher,Edition,Language,Physical Format (Getty AAT),File Format (MIME Type),Page Count,Dimensions,File Size,Run Time (HH:MM:SS),Digital Origin,Description,Abstract,Preferred-Citation (included only in Fritz Lab and Environmental reports),Capture Device,PPI,Archival Collection,Archival Box,Archival Series,Archival Folder,Local Restriction,Subject Topic (LCSH),Keyword,Subject Name (LCNAF),Subject Geographic (LCNAF),Subject Geographic (Local),Hierarchical Geographic (Getty TGN),Source Publication Title,Source Publication L-ISSN,Volume Number,Issue Number,Page Numbers,DOI,Catalog or ArchivesSpace URL,Call Number,Report Number (included only on ATLSS and Fritz Lab spreadsheet),Rights Statement,Access
,001,,,,386049,Paged Content,,No,"Coplay Echoes (volume 1, no.1)","Coplay Echoes (volume 1, no.1)",Yes,People of Coplay,relators:cre|Creator,Corporate Body,,,,,,Text,newsletters,1943-09,,2024-03-01,,Coplay Pa. : People of Coplay 1943-1945,,English,booklets,image/tiff,24,23 cm.,,,reformatted digital,,,,CopiBook OS A1,300,,,,,,"World War, 1939-1945. ; Newsletters. ; Periodicals.",,,Coplay (Pa.),,http://vocab.getty.edu/page/tgn/2087483,,,1,1,,,https://asa.lib.lehigh.edu/Record/00011899977,LX C784c V1N1,,NO COPYRIGHT - UNITED STATES,
,002,001,001,,,Page,Coplay-Echoes\Coplay-Echoes-1943-09\Coplay-Echoes-1943-09_001.tif,No,[Front cover],[Front cover],Yes,,,,,,,,,Text,,,,2024-03-01,,,,,,image/tiff,,,,,reformatted digital,,,,CopiBook OS A1,300,,,,,,,,,,,,,,,,,,,,,,
,003,001,002,,,Page,Coplay-Echoes\Coplay-Echoes-1943-09\Coplay-Echoes-1943-09_002.tif,No,[Inside front cover],[Inside front cover],Yes,,,,,,,,,Text,,,,2024-03-01,,,,,,image/tiff,,,,,reformatted digital,,,,CopiBook OS A1,300,,,,,,,,,,,,,,,,,,,,,,
,004,001,003,,,Page,Coplay-Echoes\Coplay-Echoes-1943-09\Coplay-Echoes-1943-09_003.tif,No,[Page 1],[Page 1],Yes,,,,,,,,,Text,,,,2024-03-01,,,,,,image/tiff,,,,,reformatted digital,,,,CopiBook OS A1,300,,,,,,,,,,,,,,,,,,,,,,
,005,001,004,,,Page,Coplay-Echoes\Coplay-Echoes-1943-09\Coplay-Echoes-1943-09_004.tif,No,[Page 2],[Page 2],Yes,,,,,,,,,Text,,,,2024-03-01,,,,,,image/tiff,,,,,reformatted digital,,,,CopiBook OS A1,300,,,,,,,,,,,,,,,,,,,,,,
,006,001,005,,,Page,Coplay-Echoes\Coplay-Echoes-1943-09\Coplay-Echoes-1943-09_005.tif,No,[Page 3],[Page 3],Yes,,,,,,,,,Text,,,,2024-03-01,,,,,,image/tiff,,,,,reformatted digital,,,,CopiBook OS A1,300,,,,,,,,,,,,,,,,,,,,,,
,007,001,006,,,Page,Coplay-Echoes\Coplay-Echoes-1943-09\Coplay-Echoes-1943-09_006.tif,No,[Page 4],[Page 4],Yes,,,,,,,,,Text,,,,2024-03-01,,,,,,image/tiff,,,,,reformatted digital,,,,CopiBook OS A1,300,,,,,,,,,,,,,,,,,,,,,,
,008,001,007,,,Page,Coplay-Echoes\Coplay-Echoes-1943-09\Coplay-Echoes-1943-09_007.tif,No,[Page 5],[Page 5],Yes,,,,,,,,,Text,,,,2024-03-01,,,,,,image/tiff,,,,,reformatted digital,,,,CopiBook OS A1,300,,,,,,,,,,,,,,,,,,,,,,
,009,001,008,,,Page,Coplay-Echoes\Coplay-Echoes-1943-09\Coplay-Echoes-1943-09_008.tif,No,[Page 6],[Page 6],Yes,,,,,,,,,Text,,,,2024-03-01,,,,,,image/tiff,,,,,reformatted digital,,,,CopiBook OS A1,300,,,,,,,,,,,,,,,,,,,,,,
,010,001,009,,,Page,Coplay-Echoes\Coplay-Echoes-1943-09\Coplay-Echoes-1943-09_009.tif,No,[Page 7],[Page 7],Yes,,,,,,,,,Text,,,,2024-03-01,,,,,,image/tiff,,,,,reformatted digital,,,,CopiBook OS A1,300,,,,,,,,,,,,,,,,,,,,,,
,011,001,010,,,Page,Coplay-Echoes\Coplay-Echoes-1943-09\Coplay-Echoes-1943-09_010.tif,No,[Page 8],[Page 8],Yes,,,,,,,,,Text,,,,2024-03-01,,,,,,image/tiff,,,,,reformatted digital,,,,CopiBook OS A1,300,,,,,,,,,,,,,,,,,,,,,,
,012,001,011,,,Page,Coplay-Echoes\Coplay-Echoes-1943-09\Coplay-Echoes-1943-09_011.tif,No,[Page 9],[Page 9],Yes,,,,,,,,,Text,,,,2024-03-01,,,,,,image/tiff,,,,,reformatted digital,,,,CopiBook OS A1,300,,,,,,,,,,,,,,,,,,,,,,
,013,001,012,,,Page,Coplay-Echoes\Coplay-Echoes-1943-09\Coplay-Echoes-1943-09_012.tif,No,[Page 10],[Page 10],Yes,,,,,,,,,Text,,,,2024-03-01,,,,,,image/tiff,,,,,reformatted digital,,,,CopiBook OS A1,300,,,,,,,,,,,,,,,,,,,,,,
,014,001,013,,,Page,Coplay-Echoes\Coplay-Echoes-1943-09\Coplay-Echoes-1943-09_013.tif,No,[Page 11],[Page 11],Yes,,,,,,,,,Text,,,,2024-03-01,,,,,,image/tiff,,,,,reformatted digital,,,,CopiBook OS A1,300,,,,,,,,,,,,,,,,,,,,,,
,015,001,014,,,Page,Coplay-Echoes\Coplay-Echoes-1943-09\Coplay-Echoes-1943-09_014.tif,No,[Page 12],[Page 12],Yes,,,,,,,,,Text,,,,2024-03-01,,,,,,image/tiff,,,,,reformatted digital,,,,CopiBook OS A1,300,,,,,,,,,,,,,,,,,,,,,,
,016,001,015,,,Page,Coplay-Echoes\Coplay-Echoes-1943-09\Coplay-Echoes-1943-09_015.tif,No,[Page 13],[Page 13],Yes,,,,,,,,,Text,,,,2024-03-01,,,,,,image/tiff,,,,,reformatted digital,,,,CopiBook OS A1,300,,,,,,,,,,,,,,,,,,,,,,
,017,001,016,,,Page,Coplay-Echoes\Coplay-Echoes-1943-09\Coplay-Echoes-1943-09_016.tif,No,[Page 14],[Page 14],Yes,,,,,,,,,Text,,,,2024-03-01,,,,,,image/tiff,,,,,reformatted digital,,,,CopiBook OS A1,300,,,,,,,,,,,,,,,,,,,,,,
,018,001,017,,,Page,Coplay-Echoes\Coplay-Echoes-1943-09\Coplay-Echoes-1943-09_017.tif,No,[Page 15],[Page 15],Yes,,,,,,,,,Text,,,,2024-03-01,,,,,,image/tiff,,,,,reformatted digital,,,,CopiBook OS A1,300,,,,,,,,,,,,,,,,,,,,,,
,019,001,018,,,Page,Coplay-Echoes\Coplay-Echoes-1943-09\Coplay-Echoes-1943-09_018.tif,No,[Page 16],[Page 16],Yes,,,,,,,,,Text,,,,2024-03-01,,,,,,image/tiff,,,,,reformatted digital,,,,CopiBook OS A1,300,,,,,,,,,,,,,,,,,,,,,,
,020,001,019,,,Page,Coplay-Echoes\Coplay-Echoes-1943-09\Coplay-Echoes-1943-09_019.tif,No,[Page 17],[Page 17],Yes,,,,,,,,,Text,,,,2024-03-01,,,,,,image/tiff,,,,,reformatted digital,,,,CopiBook OS A1,300,,,,,,,,,,,,,,,,,,,,,,
,021,001,020,,,Page,Coplay-Echoes\Coplay-Echoes-1943-09\Coplay-Echoes-1943-09_020.tif,No,[Page 18],[Page 18],Yes,,,,,,,,,Text,,,,2024-03-01,,,,,,image/tiff,,,,,reformatted digital,,,,CopiBook OS A1,300,,,,,,,,,,,,,,,,,,,,,,
,022,001,021,,,Page,Coplay-Echoes\Coplay-Echoes-1943-09\Coplay-Echoes-1943-09_021.tif,No,[Page 19],[Page 19],Yes,,,,,,,,,Text,,,,2024-03-01,,,,,,image/tiff,,,,,reformatted digital,,,,CopiBook OS A1,300,,,,,,,,,,,,,,,,,,,,,,
,023,001,022,,,Page,Coplay-Echoes\Coplay-Echoes-1943-09\Coplay-Echoes-1943-09_022.tif,No,[Page 20],[Page 20],Yes,,,,,,,,,Text,,,,2024-03-01,,,,,,image/tiff,,,,,reformatted digital,,,,CopiBook OS A1,300,,,,,,,,,,,,,,,,,,,,,,
,024,001,023,,,Page,Coplay-Echoes\Coplay-Echoes-1943-09\Coplay-Echoes-1943-09_023.tif,No,[Inside back cover],[Inside back cover],Yes,,,,,,,,,Text,,,,2024-03-01,,,,,,image/tiff,,,,,reformatted digital,,,,CopiBook OS A1,300,,,,,,,,,,,,,,,,,,,,,,
,025,001,024,,,Page,Coplay-Echoes\Coplay-Echoes-1943-09\Coplay-Echoes-1943-09_024.tif,No,[Back cover],[Back cover],Yes,,,,,,,,,Text,,,,2024-03-01,,,,,,image/tiff,,,,,reformatted digital,,,,CopiBook OS A1,300,,,,,,,,,,,,,,,,,,,,,,
,026,,,,386049,Paged Content,,No,"Coplay Echoes (volume 1, no.2)","Coplay Echoes (volume 1, no.2)",Yes,People of Coplay,relators:cre|Creator,Corporate Body,,,,,,Text,newsletters,1943-10,,2024-03-01,,Coplay Pa. : People of Coplay 1943-1945,,English,booklets,image/tiff,24,23 cm.,,,reformatted digital,,,,CopiBook OS A1,300,,,,,,"World War, 1939-1945. ; Newsletters. ; Periodicals.",,,Coplay (Pa.),,http://vocab.getty.edu/page/tgn/2087483,,,1,2,,,https://asa.lib.lehigh.edu/Record/00011899977,LX C784c V1N2,,NO COPYRIGHT - UNITED STATES,
,027,026,001,,,Page,Coplay-Echoes\Coplay-Echoes-1943-10\Coplay-Echoes-1943-10_001.tif,No,[Front cover],[Front cover],Yes,,,,,,,,,Text,,,,2024-03-01,,,,,,image/tiff,,,,,reformatted digital,,,,CopiBook OS A1,300,,,,,,,,,,,,,,,,,,,,,,
,028,026,002,,,Page,Coplay-Echoes\Coplay-Echoes-1943-10\Coplay-Echoes-1943-10_002.tif,No,[Inside front cover],[Inside front cover],Yes,,,,,,,,,Text,,,,2024-03-01,,,,,,image/tiff,,,,,reformatted digital,,,,CopiBook OS A1,300,,,,,,,,,,,,,,,,,,,,,,
,029,026,003,,,Page,Coplay-Echoes\Coplay-Echoes-1943-10\Coplay-Echoes-1943-10_003.tif,No,[Page 1],[Page 1],Yes,,,,,,,,,Text,,,,2024-03-01,,,,,,image/tiff,,,,,reformatted digital,,,,CopiBook OS A1,300,,,,,,,,,,,,,,,,,,,,,,
,030,026,004,,,Page,Coplay-Echoes\Coplay-Echoes-1943-10\Coplay-Echoes-1943-10_004.tif,No,[Page 2],[Page 2],Yes,,,,,,,,,Text,,,,2024-03-01,,,,,,image/tiff,,,,,reformatted digital,,,,CopiBook OS A1,300,,,,,,,,,,,,,,,,,,,,,,
,031,026,005,,,Page,Coplay-Echoes\Coplay-Echoes-1943-10\Coplay-Echoes-1943-10_005.tif,No,[Page 3],[Page 3],Yes,,,,,,,,,Text,,,,2024-03-01,,,,,,image/tiff,,,,,reformatted digital,,,,CopiBook OS A1,300,,,,,,,,,,,,,,,,,,,,,,
,032,026,006,,,Page,Coplay-Echoes\Coplay-Echoes-1943-10\Coplay-Echoes-1943-10_006.tif,No,[Page 4],[Page 4],Yes,,,,,,,,,Text,,,,2024-03-01,,,,,,image/tiff,,,,,reformatted digital,,,,CopiBook OS A1,300,,,,,,,,,,,,,,,,,,,,,,
,033,026,007,,,Page,Coplay-Echoes\Coplay-Echoes-1943-10\Coplay-Echoes-1943-10_007.tif,No,[Page 5],[Page 5],Yes,,,,,,,,,Text,,,,2024-03-01,,,,,,image/tiff,,,,,reformatted digital,,,,CopiBook OS A1,300,,,,,,,,,,,,,,,,,,,,,,
,034,026,008,,,Page,Coplay-Echoes\Coplay-Echoes-1943-10\Coplay-Echoes-1943-10_008.tif,No,[Page 6],[Page 6],Yes,,,,,,,,,Text,,,,2024-03-01,,,,,,image/tiff,,,,,reformatted digital,,,,CopiBook OS A1,300,,,,,,,,,,,,,,,,,,,,,,
,035,026,009,,,Page,Coplay-Echoes\Coplay-Echoes-1943-10\Coplay-Echoes-1943-10_009.tif,No,[Page 7],[Page 7],Yes,,,,,,,,,Text,,,,2024-03-01,,,,,,image/tiff,,,,,reformatted digital,,,,CopiBook OS A1,300,,,,,,,,,,,,,,,,,,,,,,
,036,026,010,,,Page,Coplay-Echoes\Coplay-Echoes-1943-10\Coplay-Echoes-1943-10_010.tif,No,[Page 8],[Page 8],Yes,,,,,,,,,Text,,,,2024-03-01,,,,,,image/tiff,,,,,reformatted digital,,,,CopiBook OS A1,300,,,,,,,,,,,,,,,,,,,,,,
,037,026,011,,,Page,Coplay-Echoes\Coplay-Echoes-1943-10\Coplay-Echoes-1943-10_011.tif,No,[Page 9],[Page 9],Yes,,,,,,,,,Text,,,,2024-03-01,,,,,,image/tiff,,,,,reformatted digital,,,,CopiBook OS A1,300,,,,,,,,,,,,,,,,,,,,,,
,038,026,012,,,Page,Coplay-Echoes\Coplay-Echoes-1943-10\Coplay-Echoes-1943-10_012.tif,No,[Page 10],[Page 10],Yes,,,,,,,,,Text,,,,2024-03-01,,,,,,image/tiff,,,,,reformatted digital,,,,CopiBook OS A1,300,,,,,,,,,,,,,,,,,,,,,,
,039,026,013,,,Page,Coplay-Echoes\Coplay-Echoes-1943-10\Coplay-Echoes-1943-10_013.tif,No,[Page 11],[Page 11],Yes,,,,,,,,,Text,,,,2024-03-01,,,,,,image/tiff,,,,,reformatted digital,,,,CopiBook OS A1,300,,,,,,,,,,,,,,,,,,,,,,
,040,026,014,,,Page,Coplay-Echoes\Coplay-Echoes-1943-10\Coplay-Echoes-1943-10_014.tif,No,[Page 12],[Page 12],Yes,,,,,,,,,Text,,,,2024-03-01,,,,,,image/tiff,,,,,reformatted digital,,,,CopiBook OS A1,300,,,,,,,,,,,,,,,,,,,,,,
,041,026,015,,,Page,Coplay-Echoes\Coplay-Echoes-1943-10\Coplay-Echoes-1943-10_015.tif,No,[Page 13],[Page 13],Yes,,,,,,,,,Text,,,,2024-03-01,,,,,,image/tiff,,,,,reformatted digital,,,,CopiBook OS A1,300,,,,,,,,,,,,,,,,,,,,,,
,042,026,016,,,Page,Coplay-Echoes\Coplay-Echoes-1943-10\Coplay-Echoes-1943-10_016.tif,No,[Page 14],[Page 14],Yes,,,,,,,,,Text,,,,2024-03-01,,,,,,image/tiff,,,,,reformatted digital,,,,CopiBook OS A1,300,,,,,,,,,,,,,,,,,,,,,,
,043,026,017,,,Page,Coplay-Echoes\Coplay-Echoes-1943-10\Coplay-Echoes-1943-10_017.tif,No,[Page 15],[Page 15],Yes,,,,,,,,,Text,,,,2024-03-01,,,,,,image/tiff,,,,,reformatted digital,,,,CopiBook OS A1,300,,,,,,,,,,,,,,,,,,,,,,
,044,026,018,,,Page,Coplay-Echoes\Coplay-Echoes-1943-10\Coplay-Echoes-1943-10_018.tif,No,[Page 16],[Page 16],Yes,,,,,,,,,Text,,,,2024-03-01,,,,,,image/tiff,,,,,reformatted digital,,,,CopiBook OS A1,300,,,,,,,,,,,,,,,,,,,,,,
,045,026,019,,,Page,Coplay-Echoes\Coplay-Echoes-1943-10\Coplay-Echoes-1943-10_019.tif,No,[Page 17],[Page 17],Yes,,,,,,,,,Text,,,,2024-03-01,,,,,,image/tiff,,,,,reformatted digital,,,,CopiBook OS A1,300,,,,,,,,,,,,,,,,,,,,,,
,046,026,020,,,Page,Coplay-Echoes\Coplay-Echoes-1943-10\Coplay-Echoes-1943-10_020.tif,No,[Page 18],[Page 18],Yes,,,,,,,,,Text,,,,2024-03-01,,,,,,image/tiff,,,,,reformatted digital,,,,CopiBook OS A1,300,,,,,,,,,,,,,,,,,,,,,,
,047,026,021,,,Page,Coplay-Echoes\Coplay-Echoes-1943-10\Coplay-Echoes-1943-10_021.tif,No,[Page 19],[Page 19],Yes,,,,,,,,,Text,,,,2024-03-01,,,,,,image/tiff,,,,,reformatted digital,,,,CopiBook OS A1,300,,,,,,,,,,,,,,,,,,,,,,
,048,026,022,,,Page,Coplay-Echoes\Coplay-Echoes-1943-10\Coplay-Echoes-1943-10_022.tif,No,[Page 20],[Page 20],Yes,,,,,,,,,Text,,,,2024-03-01,,,,,,image/tiff,,,,,reformatted digital,,,,CopiBook OS A1,300,,,,,,,,,,,,,,,,,,,,,,
,049,026,023,,,Page,Coplay-Echoes\Coplay-Echoes-1943-10\Coplay-Echoes-1943-10_023.tif,No,[Inside back cover],[Inside back cover],Yes,,,,,,,,,Text,,,,2024-03-01,,,,,,image/tiff,,,,,reformatted digital,,,,CopiBook OS A1,300,,,,,,,,,,,,,,,,,,,,,,
,050,026,024,,,Page,Coplay-Echoes\Coplay-Echoes-1943-10\Coplay-Echoes-1943-10_024.tif,No,[Back cover],[Back cover],Yes,,,,,,,,,Text,,,,2024-03-01,,,,,,image/tiff,,,,,reformatted digital,,,,CopiBook OS A1,300,,,,,,,,,,,,,,,,,,,,,,
,051,,,,386049,Paged Content,,No,"Coplay Echoes (volume 1, no.3)","Coplay Echoes (volume 1, no.3)",Yes,People of Coplay,relators:cre|Creator,Corporate Body,,,,,,Text,newsletters,1943-11,,2024-03-01,,Coplay Pa. : People of Coplay 1943-1945,,English,booklets,image/tiff,24,23 cm.,,,reformatted digital,,,,CopiBook OS A1,300,,,,,,"World War, 1939-1945. ; Newsletters. ; Periodicals.",,,Coplay (Pa.),,http://vocab.getty.edu/page/tgn/2087483,,,1,3,,,https://asa.lib.lehigh.edu/Record/00011899977,LX C784c V1N3,,NO COPYRIGHT - UNITED STATES,
,052,051,001,,,Page,Coplay-Echoes\Coplay-Echoes-1943-11\Coplay-Echoes-1943-11_001.tif,No,[Front cover],[Front cover],Yes,,,,,,,,,Text,,,,2024-03-01,,,,,,image/tiff,,,,,reformatted digital,,,,CopiBook OS A1,300,,,,,,,,,,,,,,,,,,,,,,
,053,051,002,,,Page,Coplay-Echoes\Coplay-Echoes-1943-11\Coplay-Echoes-1943-11_002.tif,No,[Inside front cover],[Inside front cover],Yes,,,,,,,,,Text,,,,2024-03-01,,,,,,image/tiff,,,,,reformatted digital,,,,CopiBook OS A1,300,,,,,,,,,,,,,,,,,,,,,,
,054,051,003,,,Page,Coplay-Echoes\Coplay-Echoes-1943-11\Coplay-Echoes-1943-11_003.tif,No,[Page 1],[Page 1],Yes,,,,,,,,,Text,,,,2024-03-01,,,,,,image/tiff,,,,,reformatted digital,,,,CopiBook OS A1,300,,,,,,,,,,,,,,,,,,,,,,
,055,051,004,,,Page,Coplay-Echoes\Coplay-Echoes-1943-11\Coplay-Echoes-1943-11_004.tif,No,[Page 2],[Page 2],Yes,,,,,,,,,Text,,,,2024-03-01,,,,,,image/tiff,,,,,reformatted digital,,,,CopiBook OS A1,300,,,,,,,,,,,,,,,,,,,,,,
,056,051,005,,,Page,Coplay-Echoes\Coplay-Echoes-1943-11\Coplay-Echoes-1943-11_005.tif,No,[Page 3],[Page 3],Yes,,,,,,,,,Text,,,,2024-03-01,,,,,,image/tiff,,,,,reformatted digital,,,,CopiBook OS A1,300,,,,,,,,,,,,,,,,,,,,,,
,057,051,006,,,Page,Coplay-Echoes\Coplay-Echoes-1943-11\Coplay-Echoes-1943-11_006.tif,No,[Page 4],[Page 4],Yes,,,,,,,,,Text,,,,2024-03-01,,,,,,image/tiff,,,,,reformatted digital,,,,CopiBook OS A1,300,,,,,,,,,,,,,,,,,,,,,,
,058,051,007,,,Page,Coplay-Echoes\Coplay-Echoes-1943-11\Coplay-Echoes-1943-11_007.tif,No,[Page 5],[Page 5],Yes,,,,,,,,,Text,,,,2024-03-01,,,,,,image/tiff,,,,,reformatted digital,,,,CopiBook OS A1,300,,,,,,,,,,,,,,,,,,,,,,
,059,051,008,,,Page,Coplay-Echoes\Coplay-Echoes-1943-11\Coplay-Echoes-1943-11_008.tif,No,[Page 6],[Page 6],Yes,,,,,,,,,Text,,,,2024-03-01,,,,,,image/tiff,,,,,reformatted digital,,,,CopiBook OS A1,300,,,,,,,,,,,,,,,,,,,,,,
,060,051,009,,,Page,Coplay-Echoes\Coplay-Echoes-1943-11\Coplay-Echoes-1943-11_009.tif,No,[Page 7],[Page 7],Yes,,,,,,,,,Text,,,,2024-03-01,,,,,,image/tiff,,,,,reformatted digital,,,,CopiBook OS A1,300,,,,,,,,,,,,,,,,,,,,,,
,061,051,010,,,Page,Coplay-Echoes\Coplay-Echoes-1943-11\Coplay-Echoes-1943-11_010.tif,No,[Page 8],[Page 8],Yes,,,,,,,,,Text,,,,2024-03-01,,,,,,image/tiff,,,,,reformatted digital,,,,CopiBook OS A1,300,,,,,,,,,,,,,,,,,,,,,,
,062,051,011,,,Page,Coplay-Echoes\Coplay-Echoes-1943-11\Coplay-Echoes-1943-11_011.tif,No,[Page 9],[Page 9],Yes,,,,,,,,,Text,,,,2024-03-01,,,,,,image/tiff,,,,,reformatted digital,,,,CopiBook OS A1,300,,,,,,,,,,,,,,,,,,,,,,
,063,051,012,,,Page,Coplay-Echoes\Coplay-Echoes-1943-11\Coplay-Echoes-1943-11_012.tif,No,[Page 10],[Page 10],Yes,,,,,,,,,Text,,,,2024-03-01,,,,,,image/tiff,,,,,reformatted digital,,,,CopiBook OS A1,300,,,,,,,,,,,,,,,,,,,,,,
,064,051,013,,,Page,Coplay-Echoes\Coplay-Echoes-1943-11\Coplay-Echoes-1943-11_013.tif,No,[Page 11],[Page 11],Yes,,,,,,,,,Text,,,,2024-03-01,,,,,,image/tiff,,,,,reformatted digital,,,,CopiBook OS A1,300,,,,,,,,,,,,,,,,,,,,,,
,065,051,014,,,Page,Coplay-Echoes\Coplay-Echoes-1943-11\Coplay-Echoes-1943-11_014.tif,No,[Page 12],[Page 12],Yes,,,,,,,,,Text,,,,2024-03-01,,,,,,image/tiff,,,,,reformatted digital,,,,CopiBook OS A1,300,,,,,,,,,,,,,,,,,,,,,,
,066,051,015,,,Page,Coplay-Echoes\Coplay-Echoes-1943-11\Coplay-Echoes-1943-11_015.tif,No,[Page 13],[Page 13],Yes,,,,,,,,,Text,,,,2024-03-01,,,,,,image/tiff,,,,,reformatted digital,,,,CopiBook OS A1,300,,,,,,,,,,,,,,,,,,,,,,
,067,051,016,,,Page,Coplay-Echoes\Coplay-Echoes-1943-11\Coplay-Echoes-1943-11_016.tif,No,[Page 14],[Page 14],Yes,,,,,,,,,Text,,,,2024-03-01,,,,,,image/tiff,,,,,reformatted digital,,,,CopiBook OS A1,300,,,,,,,,,,,,,,,,,,,,,,
,068,051,017,,,Page,Coplay-Echoes\Coplay-Echoes-1943-11\Coplay-Echoes-1943-11_017.tif,No,[Page 15],[Page 15],Yes,,,,,,,,,Text,,,,2024-03-01,,,,,,image/tiff,,,,,reformatted digital,,,,CopiBook OS A1,300,,,,,,,,,,,,,,,,,,,,,,
,069,051,018,,,Page,Coplay-Echoes\Coplay-Echoes-1943-11\Coplay-Echoes-1943-11_018.tif,No,[Page 16],[Page 16],Yes,,,,,,,,,Text,,,,2024-03-01,,,,,,image/tiff,,,,,reformatted digital,,,,CopiBook OS A1,300,,,,,,,,,,,,,,,,,,,,,,
,070,051,019,,,Page,Coplay-Echoes\Coplay-Echoes-1943-11\Coplay-Echoes-1943-11_019.tif,No,[Page 17],[Page 17],Yes,,,,,,,,,Text,,,,2024-03-01,,,,,,image/tiff,,,,,reformatted digital,,,,CopiBook OS A1,300,,,,,,,,,,,,,,,,,,,,,,
,071,051,020,,,Page,Coplay-Echoes\Coplay-Echoes-1943-11\Coplay-Echoes-1943-11_020.tif,No,[Page 18],[Page 18],Yes,,,,,,,,,Text,,,,2024-03-01,,,,,,image/tiff,,,,,reformatted digital,,,,CopiBook OS A1,300,,,,,,,,,,,,,,,,,,,,,,
,072,051,021,,,Page,Coplay-Echoes\Coplay-Echoes-1943-11\Coplay-Echoes-1943-11_021.tif,No,[Page 19],[Page 19],Yes,,,,,,,,,Text,,,,2024-03-01,,,,,,image/tiff,,,,,reformatted digital,,,,CopiBook OS A1,300,,,,,,,,,,,,,,,,,,,,,,
,073,051,022,,,Page,Coplay-Echoes\Coplay-Echoes-1943-11\Coplay-Echoes-1943-11_022.tif,No,[Page 20],[Page 20],Yes,,,,,,,,,Text,,,,2024-03-01,,,,,,image/tiff,,,,,reformatted digital,,,,CopiBook OS A1,300,,,,,,,,,,,,,,,,,,,,,,
,074,051,023,,,Page,Coplay-Echoes\Coplay-Echoes-1943-11\Coplay-Echoes-1943-11_023.tif,No,[Inside back cover],[Inside back cover],Yes,,,,,,,,,Text,,,,2024-03-01,,,,,,image/tiff,,,,,reformatted digital,,,,CopiBook OS A1,300,,,,,,,,,,,,,,,,,,,,,,
,075,051,024,,,Page,Coplay-Echoes\Coplay-Echoes-1943-11\Coplay-Echoes-1943-11_024.tif,No,[Back cover],[Back cover],Yes,,,,,,,,,Text,,,,2024-03-01,,,,,,image/tiff,,,,,reformatted digital,,,,CopiBook OS A1,300,,,,,,,,,,,,,,,,,,,,,,
,076,,,,386049,Paged Content,,No,"Coplay Echoes (volume 1, no.4)","Coplay Echoes (volume 1, no.4)",Yes,People of Coplay,relators:cre|Creator,Corporate Body,,,,,,Text,newsletters,1943-12,,2024-03-01,,Coplay Pa. : People of Coplay 1943-1945,,English,booklets,image/tiff,32,23 cm.,,,reformatted digital,,,,CopiBook OS A1,300,,,,,,"World War, 1939-1945. ; Newsletters. ; Periodicals.",,,Coplay (Pa.),,http://vocab.getty.edu/page/tgn/2087483,,,1,4,,,https://asa.lib.lehigh.edu/Record/00011899977,LX C784c V1N4,,NO COPYRIGHT - UNITED STATES,
,077,076,001,,,Page,Coplay-Echoes\Coplay-Echoes-1943-12\Coplay-Echoes-1943-12_001.tif,No,[Front cover],[Front cover],Yes,,,,,,,,,Text,,,,2024-03-01,,,,,,image/tiff,,,,,reformatted digital,,,,CopiBook OS A1,300,,,,,,,,,,,,,,,,,,,,,,
,078,076,002,,,Page,Coplay-Echoes\Coplay-Echoes-1943-12\Coplay-Echoes-1943-12_002.tif,No,[Inside front cover],[Inside front cover],Yes,,,,,,,,,Text,,,,2024-03-01,,,,,,image/tiff,,,,,reformatted digital,,,,CopiBook OS A1,300,,,,,,,,,,,,,,,,,,,,,,
,079,076,003,,,Page,Coplay-Echoes\Coplay-Echoes-1943-12\Coplay-Echoes-1943-12_003.tif,No,[Page 1],[Page 1],Yes,,,,,,,,,Text,,,,2024-03-01,,,,,,image/tiff,,,,,reformatted digital,,,,CopiBook OS A1,300,,,,,,,,,,,,,,,,,,,,,,
,080,076,004,,,Page,Coplay-Echoes\Coplay-Echoes-1943-12\Coplay-Echoes-1943-12_004.tif,No,[Page 2],[Page 2],Yes,,,,,,,,,Text,,,,2024-03-01,,,,,,image/tiff,,,,,reformatted digital,,,,CopiBook OS A1,300,,,,,,,,,,,,,,,,,,,,,,
,081,076,005,,,Page,Coplay-Echoes\Coplay-Echoes-1943-12\Coplay-Echoes-1943-12_005.tif,No,[Page 3],[Page 3],Yes,,,,,,,,,Text,,,,2024-03-01,,,,,,image/tiff,,,,,reformatted digital,,,,CopiBook OS A1,300,,,,,,,,,,,,,,,,,,,,,,
,082,076,006,,,Page,Coplay-Echoes\Coplay-Echoes-1943-12\Coplay-Echoes-1943-12_006.tif,No,[Page 4],[Page 4],Yes,,,,,,,,,Text,,,,2024-03-01,,,,,,image/tiff,,,,,reformatted digital,,,,CopiBook OS A1,300,,,,,,,,,,,,,,,,,,,,,,
,083,076,007,,,Page,Coplay-Echoes\Coplay-Echoes-1943-12\Coplay-Echoes-1943-12_007.tif,No,[Page 5],[Page 5],Yes,,,,,,,,,Text,,,,2024-03-01,,,,,,image/tiff,,,,,reformatted digital,,,,CopiBook OS A1,300,,,,,,,,,,,,,,,,,,,,,,
,084,076,008,,,Page,Coplay-Echoes\Coplay-Echoes-1943-12\Coplay-Echoes-1943-12_008.tif,No,[Page 6],[Page 6],Yes,,,,,,,,,Text,,,,2024-03-01,,,,,,image/tiff,,,,,reformatted digital,,,,CopiBook OS A1,300,,,,,,,,,,,,,,,,,,,,,,
,085,076,009,,,Page,Coplay-Echoes\Coplay-Echoes-1943-12\Coplay-Echoes-1943-12_009.tif,No,[Page 7],[Page 7],Yes,,,,,,,,,Text,,,,2024-03-01,,,,,,image/tiff,,,,,reformatted digital,,,,CopiBook OS A1,300,,,,,,,,,,,,,,,,,,,,,,
,086,076,010,,,Page,Coplay-Echoes\Coplay-Echoes-1943-12\Coplay-Echoes-1943-12_010.tif,No,[Page 8],[Page 8],Yes,,,,,,,,,Text,,,,2024-03-01,,,,,,image/tiff,,,,,reformatted digital,,,,CopiBook OS A1,300,,,,,,,,,,,,,,,,,,,,,,
,087,076,011,,,Page,Coplay-Echoes\Coplay-Echoes-1943-12\Coplay-Echoes-1943-12_011.tif,No,[Page 9],[Page 9],Yes,,,,,,,,,Text,,,,2024-03-01,,,,,,image/tiff,,,,,reformatted digital,,,,CopiBook OS A1,300,,,,,,,,,,,,,,,,,,,,,,
,088,076,012,,,Page,Coplay-Echoes\Coplay-Echoes-1943-12\Coplay-Echoes-1943-12_012.tif,No,[Page 10],[Page 10],Yes,,,,,,,,,Text,,,,2024-03-01,,,,,,image/tiff,,,,,reformatted digital,,,,CopiBook OS A1,300,,,,,,,,,,,,,,,,,,,,,,
,089,076,013,,,Page,Coplay-Echoes\Coplay-Echoes-1943-12\Coplay-Echoes-1943-12_013.tif,No,[Page 11],[Page 11],Yes,,,,,,,,,Text,,,,2024-03-01,,,,,,image/tiff,,,,,reformatted digital,,,,CopiBook OS A1,300,,,,,,,,,,,,,,,,,,,,,,
,090,076,014,,,Page,Coplay-Echoes\Coplay-Echoes-1943-12\Coplay-Echoes-1943-12_014.tif,No,[Page 12],[Page 12],Yes,,,,,,,,,Text,,,,2024-03-01,,,,,,image/tiff,,,,,reformatted digital,,,,CopiBook OS A1,300,,,,,,,,,,,,,,,,,,,,,,
,091,076,015,,,Page,Coplay-Echoes\Coplay-Echoes-1943-12\Coplay-Echoes-1943-12_015.tif,No,[Page 13],[Page 13],Yes,,,,,,,,,Text,,,,2024-03-01,,,,,,image/tiff,,,,,reformatted digital,,,,CopiBook OS A1,300,,,,,,,,,,,,,,,,,,,,,,
,092,076,016,,,Page,Coplay-Echoes\Coplay-Echoes-1943-12\Coplay-Echoes-1943-12_016.tif,No,[Page 14],[Page 14],Yes,,,,,,,,,Text,,,,2024-03-01,,,,,,image/tiff,,,,,reformatted digital,,,,CopiBook OS A1,300,,,,,,,,,,,,,,,,,,,,,,
,093,076,017,,,Page,Coplay-Echoes\Coplay-Echoes-1943-12\Coplay-Echoes-1943-12_017.tif,No,[Page 15],[Page 15],Yes,,,,,,,,,Text,,,,2024-03-01,,,,,,image/tiff,,,,,reformatted digital,,,,CopiBook OS A1,300,,,,,,,,,,,,,,,,,,,,,,
,094,076,018,,,Page,Coplay-Echoes\Coplay-Echoes-1943-12\Coplay-Echoes-1943-12_018.tif,No,[Page 16],[Page 16],Yes,,,,,,,,,Text,,,,2024-03-01,,,,,,image/tiff,,,,,reformatted digital,,,,CopiBook OS A1,300,,,,,,,,,,,,,,,,,,,,,,
,095,076,019,,,Page,Coplay-Echoes\Coplay-Echoes-1943-12\Coplay-Echoes-1943-12_019.tif,No,[Page 17],[Page 17],Yes,,,,,,,,,Text,,,,2024-03-01,,,,,,image/tiff,,,,,reformatted digital,,,,CopiBook OS A1,300,,,,,,,,,,,,,,,,,,,,,,
,096,076,020,,,Page,Coplay-Echoes\Coplay-Echoes-1943-12\Coplay-Echoes-1943-12_020.tif,No,[Page 18],[Page 18],Yes,,,,,,,,,Text,,,,2024-03-01,,,,,,image/tiff,,,,,reformatted digital,,,,CopiBook OS A1,300,,,,,,,,,,,,,,,,,,,,,,
,097,076,021,,,Page,Coplay-Echoes\Coplay-Echoes-1943-12\Coplay-Echoes-1943-12_021.tif,No,[Page 19],[Page 19],Yes,,,,,,,,,Text,,,,2024-03-01,,,,,,image/tiff,,,,,reformatted digital,,,,CopiBook OS A1,300,,,,,,,,,,,,,,,,,,,,,,
,098,076,022,,,Page,Coplay-Echoes\Coplay-Echoes-1943-12\Coplay-Echoes-1943-12_022.tif,No,[Page 20],[Page 20],Yes,,,,,,,,,Text,,,,2024-03-01,,,,,,image/tiff,,,,,reformatted digital,,,,CopiBook OS A1,300,,,,,,,,,,,,,,,,,,,,,,
,099,076,023,,,Page,Coplay-Echoes\Coplay-Echoes-1943-12\Coplay-Echoes-1943-12_023.tif,No,[Page 21],[Page 21],Yes,,,,,,,,,Text,,,,2024-03-01,,,,,,image/tiff,,,,,reformatted digital,,,,CopiBook OS A1,300,,,,,,,,,,,,,,,,,,,,,,
,100,076,024,,,Page,Coplay-Echoes\Coplay-Echoes-1943-12\Coplay-Echoes-1943-12_024.tif,No,[Page 22],[Page 22],Yes,,,,,,,,,Text,,,,2024-03-01,,,,,,image/tiff,,,,,reformatted digital,,,,CopiBook OS A1,300,,,,,,,,,,,,,,,,,,,,,,
,101,076,025,,,Page,Coplay-Echoes\Coplay-Echoes-1943-12\Coplay-Echoes-1943-12_025.tif,No,[Page 23],[Page 23],Yes,,,,,,,,,Text,,,,2024-03-01,,,,,,image/tiff,,,,,reformatted digital,,,,CopiBook OS A1,300,,,,,,,,,,,,,,,,,,,,,,
,102,076,026,,,Page,Coplay-Echoes\Coplay-Echoes-1943-12\Coplay-Echoes-1943-12_026.tif,No,[Page 24],[Page 24],Yes,,,,,,,,,Text,,,,2024-03-01,,,,,,image/tiff,,,,,reformatted digital,,,,CopiBook OS A1,300,,,,,,,,,,,,,,,,,,,,,,
,103,076,027,,,Page,Coplay-Echoes\Coplay-Echoes-1943-12\Coplay-Echoes-1943-12_027.tif,No,[Page 25],[Page 25],Yes,,,,,,,,,Text,,,,2024-03-01,,,,,,image/tiff,,,,,reformatted digital,,,,CopiBook OS A1,300,,,,,,,,,,,,,,,,,,,,,,
,104,076,028,,,Page,Coplay-Echoes\Coplay-Echoes-1943-12\Coplay-Echoes-1943-12_028.tif,No,[Page 26],[Page 26],Yes,,,,,,,,,Text,,,,2024-03-01,,,,,,image/tiff,,,,,reformatted digital,,,,CopiBook OS A1,300,,,,,,,,,,,,,,,,,,,,,,
,105,076,029,,,Page,Coplay-Echoes\Coplay-Echoes-1943-12\Coplay-Echoes-1943-12_029.tif,No,[Page 27],[Page 27],Yes,,,,,,,,,Text,,,,2024-03-01,,,,,,image/tiff,,,,,reformatted digital,,,,CopiBook OS A1,300,,,,,,,,,,,,,,,,,,,,,,
,106,076,030,,,Page,Coplay-Echoes\Coplay-Echoes-1943-12\Coplay-Echoes-1943-12_030.tif,No,[Page 28],[Page 28],Yes,,,,,,,,,Text,,,,2024-03-01,,,,,,image/tiff,,,,,reformatted digital,,,,CopiBook OS A1,300,,,,,,,,,,,,,,,,,,,,,,
,107,076,031,,,Page,Coplay-Echoes\Coplay-Echoes-1943-12\Coplay-Echoes-1943-12_031.tif,No,[Inside back cover],[Inside back cover],Yes,,,,,,,,,Text,,,,2024-03-01,,,,,,image/tiff,,,,,reformatted digital,,,,CopiBook OS A1,300,,,,,,,,,,,,,,,,,,,,,,
,108,076,032,,,Page,Coplay-Echoes\Coplay-Echoes-1943-12\Coplay-Echoes-1943-12_032.tif,No,[Back cover],[Back cover],Yes,,,,,,,,,Text,,,,2024-03-01,,,,,,image/tiff,,,,,reformatted digital,,,,CopiBook OS A1,300,,,,,,,,,,,,,,,,,,,,,,
,109,,,,386049,Paged Content,,No,"Coplay Echoes (volume 1, no.5)","Coplay Echoes (volume 1, no.5)",Yes,People of Coplay,relators:cre|Creator,Corporate Body,,,,,,Text,newsletters,1944-01,,2024-03-01,,Coplay Pa. : People of Coplay 1943-1945,,English,booklets,image/tiff,28,23 cm.,,,reformatted digital,,,,CopiBook OS A1,300,,,,,,"World War, 1939-1945. ; Newsletters. ; Periodicals.",,,Coplay (Pa.),,http://vocab.getty.edu/page/tgn/2087483,,,1,5,,,https://asa.lib.lehigh.edu/Record/00011899977,LX C784c V1N5,,NO COPYRIGHT - UNITED STATES,
,110,109,001,,,Page,Coplay-Echoes\Coplay-Echoes-1944-01\Coplay-Echoes-1944-01_001.tif,No,[Front cover],[Front cover],Yes,,,,,,,,,Text,,,,2024-03-01,,,,,,image/tiff,,,,,reformatted digital,,,,CopiBook OS A1,300,,,,,,,,,,,,,,,,,,,,,,
,111,109,002,,,Page,Coplay-Echoes\Coplay-Echoes-1944-01\Coplay-Echoes-1944-01_002.tif,No,[Inside front cover],[Inside front cover],Yes,,,,,,,,,Text,,,,2024-03-01,,,,,,image/tiff,,,,,reformatted digital,,,,CopiBook OS A1,300,,,,,,,,,,,,,,,,,,,,,,
,112,109,003,,,Page,Coplay-Echoes\Coplay-Echoes-1944-01\Coplay-Echoes-1944-01_003.tif,No,[Page 1],[Page 1],Yes,,,,,,,,,Text,,,,2024-03-01,,,,,,image/tiff,,,,,reformatted digital,,,,CopiBook OS A1,300,,,,,,,,,,,,,,,,,,,,,,
,113,109,004,,,Page,Coplay-Echoes\Coplay-Echoes-1944-01\Coplay-Echoes-1944-01_004.tif,No,[Page 2],[Page 2],Yes,,,,,,,,,Text,,,,2024-03-01,,,,,,image/tiff,,,,,reformatted digital,,,,CopiBook OS A1,300,,,,,,,,,,,,,,,,,,,,,,
,114,109,005,,,Page,Coplay-Echoes\Coplay-Echoes-1944-01\Coplay-Echoes-1944-01_005.tif,No,[Page 3],[Page 3],Yes,,,,,,,,,Text,,,,2024-03-01,,,,,,image/tiff,,,,,reformatted digital,,,,CopiBook OS A1,300,,,,,,,,,,,,,,,,,,,,,,
,115,109,006,,,Page,Coplay-Echoes\Coplay-Echoes-1944-01\Coplay-Echoes-1944-01_006.tif,No,[Page 4],[Page 4],Yes,,,,,,,,,Text,,,,2024-03-01,,,,,,image/tiff,,,,,reformatted digital,,,,CopiBook OS A1,300,,,,,,,,,,,,,,,,,,,,,,
,116,109,007,,,Page,Coplay-Echoes\Coplay-Echoes-1944-01\Coplay-Echoes-1944-01_007.tif,No,[Page 5],[Page 5],Yes,,,,,,,,,Text,,,,2024-03-01,,,,,,image/tiff,,,,,reformatted digital,,,,CopiBook OS A1,300,,,,,,,,,,,,,,,,,,,,,,
,117,109,008,,,Page,Coplay-Echoes\Coplay-Echoes-1944-01\Coplay-Echoes-1944-01_008.tif,No,[Page 6],[Page 6],Yes,,,,,,,,,Text,,,,2024-03-01,,,,,,image/tiff,,,,,reformatted digital,,,,CopiBook OS A1,300,,,,,,,,,,,,,,,,,,,,,,
,118,109,009,,,Page,Coplay-Echoes\Coplay-Echoes-1944-01\Coplay-Echoes-1944-01_009.tif,No,[Page 7],[Page 7],Yes,,,,,,,,,Text,,,,2024-03-01,,,,,,image/tiff,,,,,reformatted digital,,,,CopiBook OS A1,300,,,,,,,,,,,,,,,,,,,,,,
,119,109,010,,,Page,Coplay-Echoes\Coplay-Echoes-1944-01\Coplay-Echoes-1944-01_010.tif,No,[Page 8],[Page 8],Yes,,,,,,,,,Text,,,,2024-03-01,,,,,,image/tiff,,,,,reformatted digital,,,,CopiBook OS A1,300,,,,,,,,,,,,,,,,,,,,,,
,120,109,011,,,Page,Coplay-Echoes\Coplay-Echoes-1944-01\Coplay-Echoes-1944-01_011.tif,No,[Page 9],[Page 9],Yes,,,,,,,,,Text,,,,2024-03-01,,,,,,image/tiff,,,,,reformatted digital,,,,CopiBook OS A1,300,,,,,,,,,,,,,,,,,,,,,,
,121,109,012,,,Page,Coplay-Echoes\Coplay-Echoes-1944-01\Coplay-Echoes-1944-01_012.tif,No,[Page 10],[Page 10],Yes,,,,,,,,,Text,,,,2024-03-01,,,,,,image/tiff,,,,,reformatted digital,,,,CopiBook OS A1,300,,,,,,,,,,,,,,,,,,,,,,
,122,109,013,,,Page,Coplay-Echoes\Coplay-Echoes-1944-01\Coplay-Echoes-1944-01_013.tif,No,[Page 11],[Page 11],Yes,,,,,,,,,Text,,,,2024-03-01,,,,,,image/tiff,,,,,reformatted digital,,,,CopiBook OS A1,300,,,,,,,,,,,,,,,,,,,,,,
,123,109,014,,,Page,Coplay-Echoes\Coplay-Echoes-1944-01\Coplay-Echoes-1944-01_014.tif,No,[Page 12],[Page 12],Yes,,,,,,,,,Text,,,,2024-03-01,,,,,,image/tiff,,,,,reformatted digital,,,,CopiBook OS A1,300,,,,,,,,,,,,,,,,,,,,,,
,124,109,015,,,Page,Coplay-Echoes\Coplay-Echoes-1944-01\Coplay-Echoes-1944-01_015.tif,No,[Page 13],[Page 13],Yes,,,,,,,,,Text,,,,2024-03-01,,,,,,image/tiff,,,,,reformatted digital,,,,CopiBook OS A1,300,,,,,,,,,,,,,,,,,,,,,,
,125,109,016,,,Page,Coplay-Echoes\Coplay-Echoes-1944-01\Coplay-Echoes-1944-01_016.tif,No,[Page 14],[Page 14],Yes,,,,,,,,,Text,,,,2024-03-01,,,,,,image/tiff,,,,,reformatted digital,,,,CopiBook OS A1,300,,,,,,,,,,,,,,,,,,,,,,
,126,109,017,,,Page,Coplay-Echoes\Coplay-Echoes-1944-01\Coplay-Echoes-1944-01_017.tif,No,[Page 15],[Page 15],Yes,,,,,,,,,Text,,,,2024-03-01,,,,,,image/tiff,,,,,reformatted digital,,,,CopiBook OS A1,300,,,,,,,,,,,,,,,,,,,,,,
,127,109,018,,,Page,Coplay-Echoes\Coplay-Echoes-1944-01\Coplay-Echoes-1944-01_018.tif,No,[Page 16],[Page 16],Yes,,,,,,,,,Text,,,,2024-03-01,,,,,,image/tiff,,,,,reformatted digital,,,,CopiBook OS A1,300,,,,,,,,,,,,,,,,,,,,,,
,128,109,019,,,Page,Coplay-Echoes\Coplay-Echoes-1944-01\Coplay-Echoes-1944-01_019.tif,No,[Page 17],[Page 17],Yes,,,,,,,,,Text,,,,2024-03-01,,,,,,image/tiff,,,,,reformatted digital,,,,CopiBook OS A1,300,,,,,,,,,,,,,,,,,,,,,,
,129,109,020,,,Page,Coplay-Echoes\Coplay-Echoes-1944-01\Coplay-Echoes-1944-01_020.tif,No,[Page 18],[Page 18],Yes,,,,,,,,,Text,,,,2024-03-01,,,,,,image/tiff,,,,,reformatted digital,,,,CopiBook OS A1,300,,,,,,,,,,,,,,,,,,,,,,
,130,109,021,,,Page,Coplay-Echoes\Coplay-Echoes-1944-01\Coplay-Echoes-1944-01_021.tif,No,[Page 19],[Page 19],Yes,,,,,,,,,Text,,,,2024-03-01,,,,,,image/tiff,,,,,reformatted digital,,,,CopiBook OS A1,300,,,,,,,,,,,,,,,,,,,,,,
,131,109,022,,,Page,Coplay-Echoes\Coplay-Echoes-1944-01\Coplay-Echoes-1944-01_022.tif,No,[Page 20],[Page 20],Yes,,,,,,,,,Text,,,,2024-03-01,,,,,,image/tiff,,,,,reformatted digital,,,,CopiBook OS A1,300,,,,,,,,,,,,,,,,,,,,,,
,132,109,023,,,Page,Coplay-Echoes\Coplay-Echoes-1944-01\Coplay-Echoes-1944-01_023.tif,No,[Page 21],[Page 21],Yes,,,,,,,,,Text,,,,2024-03-01,,,,,,image/tiff,,,,,reformatted digital,,,,CopiBook OS A1,300,,,,,,,,,,,,,,,,,,,,,,
,133,109,024,,,Page,Coplay-Echoes\Coplay-Echoes-1944-01\Coplay-Echoes-1944-01_024.tif,No,[Page 22],[Page 22],Yes,,,,,,,,,Text,,,,2024-03-01,,,,,,image/tiff,,,,,reformatted digital,,,,CopiBook OS A1,300,,,,,,,,,,,,,,,,,,,,,,
,134,109,025,,,Page,Coplay-Echoes\Coplay-Echoes-1944-01\Coplay-Echoes-1944-01_025.tif,No,[Page 23],[Page 23],Yes,,,,,,,,,Text,,,,2024-03-01,,,,,,image/tiff,,,,,reformatted digital,,,,CopiBook OS A1,300,,,,,,,,,,,,,,,,,,,,,,
,135,109,026,,,Page,Coplay-Echoes\Coplay-Echoes-1944-01\Coplay-Echoes-1944-01_026.tif,No,[Page 24],[Page 24],Yes,,,,,,,,,Text,,,,2024-03-01,,,,,,image/tiff,,,,,reformatted digital,,,,CopiBook OS A1,300,,,,,,,,,,,,,,,,,,,,,,
,136,109,027,,,Page,Coplay-Echoes\Coplay-Echoes-1944-01\Coplay-Echoes-1944-01_027.tif,No,[Inside back cover],[Inside back cover],Yes,,,,,,,,,Text,,,,2024-03-01,,,,,,image/tiff,,,,,reformatted digital,,,,CopiBook OS A1,300,,,,,,,,,,,,,,,,,,,,,,
,137,109,028,,,Page,Coplay-Echoes\Coplay-Echoes-1944-01\Coplay-Echoes-1944-01_028.tif,No,[Back cover],[Back cover],Yes,,,,,,,,,Text,,,,2024-03-01,,,,,,image/tiff,,,,,reformatted digital,,,,CopiBook OS A1,300,,,,,,,,,,,,,,,,,,,,,,
,138,,,,386049,Paged Content,,No,"Coplay Echoes (volume 1, no.6)","Coplay Echoes (volume 1, no.6)",Yes,People of Coplay,relators:cre|Creator,Corporate Body,,,,,,Text,newsletters,1944-02,,2024-03-01,,Coplay Pa. : People of Coplay 1943-1945,,English,booklets,image/tiff,28,23 cm.,,,reformatted digital,,,,CopiBook OS A1,300,,,,,,"World War, 1939-1945. ; Newsletters. ; Periodicals.",,,Coplay (Pa.),,http://vocab.getty.edu/page/tgn/2087483,,,1,6,,,https://asa.lib.lehigh.edu/Record/00011899977,LX C784c V1N6,,NO COPYRIGHT - UNITED STATES,
,139,138,001,,,Page,Coplay-Echoes\Coplay-Echoes-1944-02\Coplay-Echoes-1944-02_001.tif,No,[Front cover],[Front cover],Yes,,,,,,,,,Text,,,,2024-03-01,,,,,,image/tiff,,,,,reformatted digital,,,,CopiBook OS A1,300,,,,,,,,,,,,,,,,,,,,,,
,140,138,002,,,Page,Coplay-Echoes\Coplay-Echoes-1944-02\Coplay-Echoes-1944-02_002.tif,No,[Inside front cover],[Inside front cover],Yes,,,,,,,,,Text,,,,2024-03-01,,,,,,image/tiff,,,,,reformatted digital,,,,CopiBook OS A1,300,,,,,,,,,,,,,,,,,,,,,,
,141,138,003,,,Page,Coplay-Echoes\Coplay-Echoes-1944-02\Coplay-Echoes-1944-02_003.tif,No,[Page 1],[Page 1],Yes,,,,,,,,,Text,,,,2024-03-01,,,,,,image/tiff,,,,,reformatted digital,,,,CopiBook OS A1,300,,,,,,,,,,,,,,,,,,,,,,
,142,138,004,,,Page,Coplay-Echoes\Coplay-Echoes-1944-02\Coplay-Echoes-1944-02_004.tif,No,[Page 2],[Page 2],Yes,,,,,,,,,Text,,,,2024-03-01,,,,,,image/tiff,,,,,reformatted digital,,,,CopiBook OS A1,300,,,,,,,,,,,,,,,,,,,,,,
,143,138,005,,,Page,Coplay-Echoes\Coplay-Echoes-1944-02\Coplay-Echoes-1944-02_005.tif,No,[Page 3],[Page 3],Yes,,,,,,,,,Text,,,,2024-03-01,,,,,,image/tiff,,,,,reformatted digital,,,,CopiBook OS A1,300,,,,,,,,,,,,,,,,,,,,,,
,144,138,006,,,Page,Coplay-Echoes\Coplay-Echoes-1944-02\Coplay-Echoes-1944-02_006.tif,No,[Page 4],[Page 4],Yes,,,,,,,,,Text,,,,2024-03-01,,,,,,image/tiff,,,,,reformatted digital,,,,CopiBook OS A1,300,,,,,,,,,,,,,,,,,,,,,,
,145,138,007,,,Page,Coplay-Echoes\Coplay-Echoes-1944-02\Coplay-Echoes-1944-02_007.tif,No,[Page 5],[Page 5],Yes,,,,,,,,,Text,,,,2024-03-01,,,,,,image/tiff,,,,,reformatted digital,,,,CopiBook OS A1,300,,,,,,,,,,,,,,,,,,,,,,
,146,138,008,,,Page,Coplay-Echoes\Coplay-Echoes-1944-02\Coplay-Echoes-1944-02_008.tif,No,[Page 6],[Page 6],Yes,,,,,,,,,Text,,,,2024-03-01,,,,,,image/tiff,,,,,reformatted digital,,,,CopiBook OS A1,300,,,,,,,,,,,,,,,,,,,,,,
,147,138,009,,,Page,Coplay-Echoes\Coplay-Echoes-1944-02\Coplay-Echoes-1944-02_009.tif,No,[Page 7],[Page 7],Yes,,,,,,,,,Text,,,,2024-03-01,,,,,,image/tiff,,,,,reformatted digital,,,,CopiBook OS A1,300,,,,,,,,,,,,,,,,,,,,,,
,148,138,010,,,Page,Coplay-Echoes\Coplay-Echoes-1944-02\Coplay-Echoes-1944-02_010.tif,No,[Page 8],[Page 8],Yes,,,,,,,,,Text,,,,2024-03-01,,,,,,image/tiff,,,,,reformatted digital,,,,CopiBook OS A1,300,,,,,,,,,,,,,,,,,,,,,,
,149,138,011,,,Page,Coplay-Echoes\Coplay-Echoes-1944-02\Coplay-Echoes-1944-02_011.tif,No,[Page 9],[Page 9],Yes,,,,,,,,,Text,,,,2024-03-01,,,,,,image/tiff,,,,,reformatted digital,,,,CopiBook OS A1,300,,,,,,,,,,,,,,,,,,,,,,
,150,138,012,,,Page,Coplay-Echoes\Coplay-Echoes-1944-02\Coplay-Echoes-1944-02_012.tif,No,[Page 10],[Page 10],Yes,,,,,,,,,Text,,,,2024-03-01,,,,,,image/tiff,,,,,reformatted digital,,,,CopiBook OS A1,300,,,,,,,,,,,,,,,,,,,,,,
,151,138,013,,,Page,Coplay-Echoes\Coplay-Echoes-1944-02\Coplay-Echoes-1944-02_013.tif,No,[Page 11],[Page 11],Yes,,,,,,,,,Text,,,,2024-03-01,,,,,,image/tiff,,,,,reformatted digital,,,,CopiBook OS A1,300,,,,,,,,,,,,,,,,,,,,,,
,152,138,014,,,Page,Coplay-Echoes\Coplay-Echoes-1944-02\Coplay-Echoes-1944-02_014.tif,No,[Page 12],[Page 12],Yes,,,,,,,,,Text,,,,2024-03-01,,,,,,image/tiff,,,,,reformatted digital,,,,CopiBook OS A1,300,,,,,,,,,,,,,,,,,,,,,,
,153,138,015,,,Page,Coplay-Echoes\Coplay-Echoes-1944-02\Coplay-Echoes-1944-02_015.tif,No,[Page 13],[Page 13],Yes,,,,,,,,,Text,,,,2024-03-01,,,,,,image/tiff,,,,,reformatted digital,,,,CopiBook OS A1,300,,,,,,,,,,,,,,,,,,,,,,
,154,138,016,,,Page,Coplay-Echoes\Coplay-Echoes-1944-02\Coplay-Echoes-1944-02_016.tif,No,[Page 14],[Page 14],Yes,,,,,,,,,Text,,,,2024-03-01,,,,,,image/tiff,,,,,reformatted digital,,,,CopiBook OS A1,300,,,,,,,,,,,,,,,,,,,,,,
,155,138,017,,,Page,Coplay-Echoes\Coplay-Echoes-1944-02\Coplay-Echoes-1944-02_017.tif,No,[Page 15],[Page 15],Yes,,,,,,,,,Text,,,,2024-03-01,,,,,,image/tiff,,,,,reformatted digital,,,,CopiBook OS A1,300,,,,,,,,,,,,,,,,,,,,,,
,156,138,018,,,Page,Coplay-Echoes\Coplay-Echoes-1944-02\Coplay-Echoes-1944-02_018.tif,No,[Page 16],[Page 16],Yes,,,,,,,,,Text,,,,2024-03-01,,,,,,image/tiff,,,,,reformatted digital,,,,CopiBook OS A1,300,,,,,,,,,,,,,,,,,,,,,,
,157,138,019,,,Page,Coplay-Echoes\Coplay-Echoes-1944-02\Coplay-Echoes-1944-02_019.tif,No,[Page 17],[Page 17],Yes,,,,,,,,,Text,,,,2024-03-01,,,,,,image/tiff,,,,,reformatted digital,,,,CopiBook OS A1,300,,,,,,,,,,,,,,,,,,,,,,
,158,138,020,,,Page,Coplay-Echoes\Coplay-Echoes-1944-02\Coplay-Echoes-1944-02_020.tif,No,[Page 18],[Page 18],Yes,,,,,,,,,Text,,,,2024-03-01,,,,,,image/tiff,,,,,reformatted digital,,,,CopiBook OS A1,300,,,,,,,,,,,,,,,,,,,,,,
,159,138,021,,,Page,Coplay-Echoes\Coplay-Echoes-1944-02\Coplay-Echoes-1944-02_021.tif,No,[Page 19],[Page 19],Yes,,,,,,,,,Text,,,,2024-03-01,,,,,,image/tiff,,,,,reformatted digital,,,,CopiBook OS A1,300,,,,,,,,,,,,,,,,,,,,,,
,160,138,022,,,Page,Coplay-Echoes\Coplay-Echoes-1944-02\Coplay-Echoes-1944-02_022.tif,No,[Page 20],[Page 20],Yes,,,,,,,,,Text,,,,2024-03-01,,,,,,image/tiff,,,,,reformatted digital,,,,CopiBook OS A1,300,,,,,,,,,,,,,,,,,,,,,,
,161,138,023,,,Page,Coplay-Echoes\Coplay-Echoes-1944-02\Coplay-Echoes-1944-02_023.tif,No,[Page 21],[Page 21],Yes,,,,,,,,,Text,,,,2024-03-01,,,,,,image/tiff,,,,,reformatted digital,,,,CopiBook OS A1,300,,,,,,,,,,,,,,,,,,,,,,
,162,138,024,,,Page,Coplay-Echoes\Coplay-Echoes-1944-02\Coplay-Echoes-1944-02_024.tif,No,[Page 22],[Page 22],Yes,,,,,,,,,Text,,,,2024-03-01,,,,,,image/tiff,,,,,reformatted digital,,,,CopiBook OS A1,300,,,,,,,,,,,,,,,,,,,,,,
,163,138,025,,,Page,Coplay-Echoes\Coplay-Echoes-1944-02\Coplay-Echoes-1944-02_025.tif,No,[Page 23],[Page 23],Yes,,,,,,,,,Text,,,,2024-03-01,,,,,,image/tiff,,,,,reformatted digital,,,,CopiBook OS A1,300,,,,,,,,,,,,,,,,,,,,,,
,164,138,026,,,Page,Coplay-Echoes\Coplay-Echoes-1944-02\Coplay-Echoes-1944-02_026.tif,No,[Page 24],[Page 24],Yes,,,,,,,,,Text,,,,2024-03-01,,,,,,image/tiff,,,,,reformatted digital,,,,CopiBook OS A1,300,,,,,,,,,,,,,,,,,,,,,,
,165,138,027,,,Page,Coplay-Echoes\Coplay-Echoes-1944-02\Coplay-Echoes-1944-02_027.tif,No,[Inside back cover],[Inside back cover],Yes,,,,,,,,,Text,,,,2024-03-01,,,,,,image/tiff,,,,,reformatted digital,,,,CopiBook OS A1,300,,,,,,,,,,,,,,,,,,,,,,
,166,138,028,,,Page,Coplay-Echoes\Coplay-Echoes-1944-02\Coplay-Echoes-1944-02_028.tif,No,[Back cover],[Back cover],Yes,,,,,,,,,Text,,,,2024-03-01,,,,,,image/tiff,,,,,reformatted digital,,,,CopiBook OS A1,300,,,,,,,,,,,,,,,,,,,,,,
,167,,,,386049,Paged Content,,No,"Coplay Echoes (volume 1, no.7)","Coplay Echoes (volume 1, no.7)",Yes,People of Coplay,relators:cre|Creator,Corporate Body,,,,,,Text,newsletters,1944-03,,2024-03-04,,Coplay Pa. : People of Coplay 1943-1945,,English,booklets,image/tiff,28,23 cm.,,,reformatted digital,,,,CopiBook OS A1,300,,,,,,"World War, 1939-1945. ; Newsletters. ; Periodicals.",,,Coplay (Pa.),,http://vocab.getty.edu/page/tgn/2087483,,,1,7,,,https://asa.lib.lehigh.edu/Record/00011899977,LX C784c V1N7,,NO COPYRIGHT - UNITED STATES,
,168,167,001,,,Page,Coplay-Echoes\Coplay-Echoes-1944-03\Coplay-Echoes-1944-03_001.tif,No,[Front cover],[Front cover],Yes,,,,,,,,,Text,,,,2024-03-04,,,,,,image/tiff,,,,,reformatted digital,,,,CopiBook OS A1,300,,,,,,,,,,,,,,,,,,,,,,
,169,167,002,,,Page,Coplay-Echoes\Coplay-Echoes-1944-03\Coplay-Echoes-1944-03_002.tif,No,[Inside front cover],[Inside front cover],Yes,,,,,,,,,Text,,,,2024-03-04,,,,,,image/tiff,,,,,reformatted digital,,,,CopiBook OS A1,300,,,,,,,,,,,,,,,,,,,,,,
,170,167,003,,,Page,Coplay-Echoes\Coplay-Echoes-1944-03\Coplay-Echoes-1944-03_003.tif,No,[Page 1],[Page 1],Yes,,,,,,,,,Text,,,,2024-03-04,,,,,,image/tiff,,,,,reformatted digital,,,,CopiBook OS A1,300,,,,,,,,,,,,,,,,,,,,,,
,171,167,004,,,Page,Coplay-Echoes\Coplay-Echoes-1944-03\Coplay-Echoes-1944-03_004.tif,No,[Page 2],[Page 2],Yes,,,,,,,,,Text,,,,2024-03-04,,,,,,image/tiff,,,,,reformatted digital,,,,CopiBook OS A1,300,,,,,,,,,,,,,,,,,,,,,,
,172,167,005,,,Page,Coplay-Echoes\Coplay-Echoes-1944-03\Coplay-Echoes-1944-03_005.tif,No,[Page 3],[Page 3],Yes,,,,,,,,,Text,,,,2024-03-04,,,,,,image/tiff,,,,,reformatted digital,,,,CopiBook OS A1,300,,,,,,,,,,,,,,,,,,,,,,
,173,167,006,,,Page,Coplay-Echoes\Coplay-Echoes-1944-03\Coplay-Echoes-1944-03_006.tif,No,[Page 4],[Page 4],Yes,,,,,,,,,Text,,,,2024-03-04,,,,,,image/tiff,,,,,reformatted digital,,,,CopiBook OS A1,300,,,,,,,,,,,,,,,,,,,,,,
,174,167,007,,,Page,Coplay-Echoes\Coplay-Echoes-1944-03\Coplay-Echoes-1944-03_007.tif,No,[Page 5],[Page 5],Yes,,,,,,,,,Text,,,,2024-03-04,,,,,,image/tiff,,,,,reformatted digital,,,,CopiBook OS A1,300,,,,,,,,,,,,,,,,,,,,,,
,175,167,008,,,Page,Coplay-Echoes\Coplay-Echoes-1944-03\Coplay-Echoes-1944-03_008.tif,No,[Page 6],[Page 6],Yes,,,,,,,,,Text,,,,2024-03-04,,,,,,image/tiff,,,,,reformatted digital,,,,CopiBook OS A1,300,,,,,,,,,,,,,,,,,,,,,,
,176,167,009,,,Page,Coplay-Echoes\Coplay-Echoes-1944-03\Coplay-Echoes-1944-03_009.tif,No,[Page 7],[Page 7],Yes,,,,,,,,,Text,,,,2024-03-04,,,,,,image/tiff,,,,,reformatted digital,,,,CopiBook OS A1,300,,,,,,,,,,,,,,,,,,,,,,
,177,167,010,,,Page,Coplay-Echoes\Coplay-Echoes-1944-03\Coplay-Echoes-1944-03_010.tif,No,[Page 8],[Page 8],Yes,,,,,,,,,Text,,,,2024-03-04,,,,,,image/tiff,,,,,reformatted digital,,,,CopiBook OS A1,300,,,,,,,,,,,,,,,,,,,,,,
,178,167,011,,,Page,Coplay-Echoes\Coplay-Echoes-1944-03\Coplay-Echoes-1944-03_011.tif,No,[Page 9],[Page 9],Yes,,,,,,,,,Text,,,,2024-03-04,,,,,,image/tiff,,,,,reformatted digital,,,,CopiBook OS A1,300,,,,,,,,,,,,,,,,,,,,,,
,179,167,012,,,Page,Coplay-Echoes\Coplay-Echoes-1944-03\Coplay-Echoes-1944-03_012.tif,No,[Page 10],[Page 10],Yes,,,,,,,,,Text,,,,2024-03-04,,,,,,image/tiff,,,,,reformatted digital,,,,CopiBook OS A1,300,,,,,,,,,,,,,,,,,,,,,,
,180,167,013,,,Page,Coplay-Echoes\Coplay-Echoes-1944-03\Coplay-Echoes-1944-03_013.tif,No,[Page 11],[Page 11],Yes,,,,,,,,,Text,,,,2024-03-04,,,,,,image/tiff,,,,,reformatted digital,,,,CopiBook OS A1,300,,,,,,,,,,,,,,,,,,,,,,
,181,167,014,,,Page,Coplay-Echoes\Coplay-Echoes-1944-03\Coplay-Echoes-1944-03_014.tif,No,[Page 12],[Page 12],Yes,,,,,,,,,Text,,,,2024-03-04,,,,,,image/tiff,,,,,reformatted digital,,,,CopiBook OS A1,300,,,,,,,,,,,,,,,,,,,,,,
,182,167,015,,,Page,Coplay-Echoes\Coplay-Echoes-1944-03\Coplay-Echoes-1944-03_015.tif,No,[Page 13],[Page 13],Yes,,,,,,,,,Text,,,,2024-03-04,,,,,,image/tiff,,,,,reformatted digital,,,,CopiBook OS A1,300,,,,,,,,,,,,,,,,,,,,,,
,183,167,016,,,Page,Coplay-Echoes\Coplay-Echoes-1944-03\Coplay-Echoes-1944-03_016.tif,No,[Page 14],[Page 14],Yes,,,,,,,,,Text,,,,2024-03-04,,,,,,image/tiff,,,,,reformatted digital,,,,CopiBook OS A1,300,,,,,,,,,,,,,,,,,,,,,,
,184,167,017,,,Page,Coplay-Echoes\Coplay-Echoes-1944-03\Coplay-Echoes-1944-03_017.tif,No,[Page 15],[Page 15],Yes,,,,,,,,,Text,,,,2024-03-04,,,,,,image/tiff,,,,,reformatted digital,,,,CopiBook OS A1,300,,,,,,,,,,,,,,,,,,,,,,
,185,167,018,,,Page,Coplay-Echoes\Coplay-Echoes-1944-03\Coplay-Echoes-1944-03_018.tif,No,[Page 16],[Page 16],Yes,,,,,,,,,Text,,,,2024-03-04,,,,,,image/tiff,,,,,reformatted digital,,,,CopiBook OS A1,300,,,,,,,,,,,,,,,,,,,,,,
,186,167,019,,,Page,Coplay-Echoes\Coplay-Echoes-1944-03\Coplay-Echoes-1944-03_019.tif,No,[Page 17],[Page 17],Yes,,,,,,,,,Text,,,,2024-03-04,,,,,,image/tiff,,,,,reformatted digital,,,,CopiBook OS A1,300,,,,,,,,,,,,,,,,,,,,,,
,187,167,020,,,Page,Coplay-Echoes\Coplay-Echoes-1944-03\Coplay-Echoes-1944-03_020.tif,No,[Page 18],[Page 18],Yes,,,,,,,,,Text,,,,2024-03-04,,,,,,image/tiff,,,,,reformatted digital,,,,CopiBook OS A1,300,,,,,,,,,,,,,,,,,,,,,,
,188,167,021,,,Page,Coplay-Echoes\Coplay-Echoes-1944-03\Coplay-Echoes-1944-03_021.tif,No,[Page 19],[Page 19],Yes,,,,,,,,,Text,,,,2024-03-04,,,,,,image/tiff,,,,,reformatted digital,,,,CopiBook OS A1,300,,,,,,,,,,,,,,,,,,,,,,
,189,167,022,,,Page,Coplay-Echoes\Coplay-Echoes-1944-03\Coplay-Echoes-1944-03_022.tif,No,[Page 20],[Page 20],Yes,,,,,,,,,Text,,,,2024-03-04,,,,,,image/tiff,,,,,reformatted digital,,,,CopiBook OS A1,300,,,,,,,,,,,,,,,,,,,,,,
,190,167,023,,,Page,Coplay-Echoes\Coplay-Echoes-1944-03\Coplay-Echoes-1944-03_023.tif,No,[Page 21],[Page 21],Yes,,,,,,,,,Text,,,,2024-03-04,,,,,,image/tiff,,,,,reformatted digital,,,,CopiBook OS A1,300,,,,,,,,,,,,,,,,,,,,,,
,191,167,024,,,Page,Coplay-Echoes\Coplay-Echoes-1944-03\Coplay-Echoes-1944-03_024.tif,No,[Page 22],[Page 22],Yes,,,,,,,,,Text,,,,2024-03-04,,,,,,image/tiff,,,,,reformatted digital,,,,CopiBook OS A1,300,,,,,,,,,,,,,,,,,,,,,,
,192,167,025,,,Page,Coplay-Echoes\Coplay-Echoes-1944-03\Coplay-Echoes-1944-03_025.tif,No,[Page 23],[Page 23],Yes,,,,,,,,,Text,,,,2024-03-04,,,,,,image/tiff,,,,,reformatted digital,,,,CopiBook OS A1,300,,,,,,,,,,,,,,,,,,,,,,
,193,167,026,,,Page,Coplay-Echoes\Coplay-Echoes-1944-03\Coplay-Echoes-1944-03_026.tif,No,[Page 24],[Page 24],Yes,,,,,,,,,Text,,,,2024-03-04,,,,,,image/tiff,,,,,reformatted digital,,,,CopiBook OS A1,300,,,,,,,,,,,,,,,,,,,,,,
,194,167,027,,,Page,Coplay-Echoes\Coplay-Echoes-1944-03\Coplay-Echoes-1944-03_027.tif,No,[Inside back cover],[Inside back cover],Yes,,,,,,,,,Text,,,,2024-03-04,,,,,,image/tiff,,,,,reformatted digital,,,,CopiBook OS A1,300,,,,,,,,,,,,,,,,,,,,,,
,195,167,028,,,Page,Coplay-Echoes\Coplay-Echoes-1944-03\Coplay-Echoes-1944-03_028.tif,No,[Back cover],[Back cover],Yes,,,,,,,,,Text,,,,2024-03-04,,,,,,image/tiff,,,,,reformatted digital,,,,CopiBook OS A1,300,,,,,,,,,,,,,,,,,,,,,,
